id,store_no,store_name,address,phone,newAddress
1,3,차병원점,서울시 강남구 논현로 566 강남차병원1층  ,02-538-7615,서울특별시 강남구 논현로 566 강남차병원1층
2,6,강남대로점,서울시 서초구 강남대로 369 1층  ,02-588-5778,서울특별시 서초구 강남대로 369 1층
3,12,청담에스점,"서울시 강남구 압구정로 461 네이처포엠빌딩B108,109호  ",02-548-6052,"서울특별시 강남구 압구정로 461 네이처포엠빌딩B108,109호"
4,13,신사점,서울시 강남구 도산대로 126  ,02-548-2741,서울특별시 강남구 도산대로 126
5,15,역삼점,"서울시 강남구 논현로 512  지상1,2층  ",02-569-8051,"서울특별시 강남구 논현로 512 지상1,2층"
6,16,양재스포타임점,서울시 서초구 강남대로 213 24호 지하1층  ,02-578-6833,서울특별시 서초구 강남대로 213 24호 지하1층
7,17,청담성당점,서울시 강남구 삼성로 716 LEE76빌딩2층  ,02-542-2053,서울특별시 강남구 삼성로 716 LEE76빌딩2층
8,18,영동점,서울 서초구 반포동 736-17 P빌딩 2층  ,02-3443-2096,서울특별시 서초구 반포동 736-17 P빌딩 2층
9,19,도곡점,"서울시 강남구 언주로 30길 10,112 현대비젼21 112호  ",02-572-2781,"서울특별시 강남구 언주로 30길 10,112 현대비젼21 112호"
10,20,영동고앞점,"서울시 강남구 선릉로 749 1,2층  ",02-544-3794,"서울특별시 강남구 선릉로 749 1,2층"
11,25,압구정시티점,"서울시 강남구 도산대로49길 13 1층 17,18호  ",02-543-5922,"서울특별시 강남구 도산대로49길 13 1층 17,18호"
12,27,서초우성점,서울시 서초구 강남대로 51길 1 511 TOWER  1층  ,02-582-0158,서울특별시 서초구 강남대로 51길 1 511 TOWER 1층
13,28,논현팍스타워점,서울시 강남구 논현 231-13호 팍스타워지하1층  ,02-513-3870,서울특별시 강남구 논현 231-13호 팍스타워지하1층
14,29,삼성오크우드점,서울 강남구 테헤란로87길 46 지하 2층  ,02-3466-8507,서울특별시 강남구 테헤란로87길 46 지하 2층
15,30,트레이드타워점,서울시 강남구 영동대로 511 트레이드타워 지하1층  ,02-803-9994,서울특별시 강남구 영동대로 511 트레이드타워 지하1층
16,31,삼성봉은사거리점,"서울시 강남구 영동대로 607 1,2층  ",02-3443-5618,"서울특별시 강남구 영동대로 607 1,2층"
17,35,잠실신천점,서울시 송파구 석촌호수로 118 1층  ,02-416-9520,서울특별시 송파구 석촌호수로 118 1층
18,36,서초지파이브점,"서울시 서초구 서초동 1685-8호 101~2호,113~4호,121호  ",02-3477-5580,"서울특별시 서초구 서초동 1685-8호 101~2호,113~4호,121호"
19,38,논현동수면센터점,서울시 강남구 논현로 717 1층  ,02-3443-5575,서울특별시 강남구 논현로 717 1층
20,41,삼성전자강남사옥점,서울시 서초구 서초대로74길 11 지하2층  ,02-2055-1142,서울특별시 서초구 서초대로74길 11 지하2층
21,44,삼성생명강남사옥점,서울시 서초구 서초대로74길 4 삼성생명보험서초타워내지하1층  ,02-581-5562,서울특별시 서초구 서초대로74길 4 삼성생명보험서초타워내지하1층
22,45,방배카페골목점,서울특별시 서초구 방배중앙로 187  ,02-592-7794,서울특별시 서초구 방배중앙로 187
23,46,역삼포스틸타워뒷점,서울시 강남구 테헤란로 20길 10 쓰리엠타워1층  ,02-554-9962,서울특별시 강남구 테헤란로 20길 10 쓰리엠타워1층
24,47,테헤란로하이닉스뒷점,서울시 강남구 테헤란로 70길 12 1층  ,02-538-9927,서울특별시 강남구 테헤란로 70길 12 1층
25,49,삼성봉은사로점,서울시 강남구 봉은사로 628 엘슨빌딩1층  ,02-538-4523,서울특별시 강남구 봉은사로 628 엘슨빌딩1층
26,50,방이점,서울시 송파구 오금로 11길 7  ,02-415-5561,서울특별시 송파구 오금로 11길 7
27,51,매봉역점,서울시 강남구 논현로 38길 42 418호  ,02-529-9947,서울특별시 강남구 논현로 38길 42 418호
28,52,남부터미널역점,서울시 서초구 서초중앙로 43 로얄타워1층  ,02-523-3671,서울특별시 서초구 서초중앙로 43 로얄타워1층
29,53,강남역랭기지타워점,서울시 강남구 테헤란로4길 28 826-28호 1층  ,02-563-3655,서울특별시 강남구 테헤란로4길 28 826-28호 1층
30,55,도심공항타워점,서울시 강남구 테헤란로87길 36 공항타워 1층  ,02-2016-5330,서울특별시 강남구 테헤란로87길 36 공항타워 1층
31,57,청담카페점,"서울시 강남구 도산대로 67길 7,파크빌딩 1층  ",02-514-5622,"서울특별시 강남구 도산대로 67길 7,파크빌딩 1층"
32,59,광화문점,서울 종로구 서린동 136 센트리얼빌딩 1층  ,02-3210-2326,서울특별시 종로구 서린동 136 센트리얼빌딩 1층
33,61,경희궁의아침점,서울시 종로구 새문안로3길 23 경희궁아침상가4단지105외  ,02-730-8896,서울특별시 종로구 새문안로3길 23 경희궁아침상가4단지105외
34,63,홍대역점,서울시 마포구 홍익로 6길 26  ,02-333-4278,서울특별시 마포구 홍익로 6길 26
35,65,순화점,서울시 중구 순화202  1-94 프레이저플레이스레지던스1층  ,02-2220-8198,서울특별시 중구 순화202 1-94 프레이저플레이스레지던스1층
36,66,종로관철동점,"서울시 종로구 청계천로 83 11-4호 지하1,지상1~3층  ",02-738-5333,"서울특별시 종로구 청계천로 83 11-4호 지하1,지상1~3층"
37,67,소공동삼화빌딩점,서울 중구 남대문로7길 16 한컴빌딩 1층  ,02-753-8004,서울특별시 중구 남대문로7길 16 한컴빌딩 1층
38,69,강변테크노마트점,서울시 광진구 광나루로56길 85 테크노마트9층35호  ,02-3424-5480,서울특별시 광진구 광나루로56길 85 테크노마트9층35호
39,71,외대앞점,서울시 동대문구 이문로 106 1~3층  ,02-959-7750,서울특별시 동대문구 이문로 106 1~3층
40,73,고대안암역점,서울시 성북구 개운사길8 101-3 1층  ,02-953-6652,서울특별시 성북구 개운사길8 101-3 1층
41,74,순화동라마다호텔점,서울시 중구 칠패로 27 151호  ,02-3789-3347,서울특별시 중구 칠패로 27 151호
42,80,신촌점,서울시 서대문구 창천 18-26호 B1  ,02-363-5572,서울특별시 서대문구 창천 18-26호 B1
43,81,건대스타시티점,서울시 광진구 자양동 227-342호 롯데백화점 옆 더클래식500건물 1층  ,02-444-9861,서울특별시 광진구 자양동 227-342호 롯데백화점 옆 더클래식500건물 1층
44,83,하나은행경복궁역점,"서울시 종로구 사직로 130,1 현대적선빌딩1층  ",02-733-5108,"서울특별시 종로구 사직로 130,1 현대적선빌딩1층"
45,85,서울스퀘어점,서울시 중구 한강대로 416 지하1층  ,02-6456-8907,서울특별시 중구 한강대로 416 지하1층
46,87,목동점,서울시 양천구 목동동로 293 현대41타워1층  ,02-2654-5981,서울특별시 양천구 목동동로 293 현대41타워1층
47,88,여의도34번지점,서울 영등포구 국제금융로 52 심팩빌딩 1층  ,02-557-0510,서울특별시 영등포구 국제금융로 52 심팩빌딩 1층
48,89,여의도교보증권점,서울시 영등포구 의사당대로 97 26-4 교보증권빌딩1층  ,02-783-6058,서울특별시 영등포구 의사당대로 97 26-4 교보증권빌딩1층
49,94,여의도순복음교회옆점,서울시 영등포구 여의서로 43 한서리버파크2층  ,02-780-7758,서울특별시 영등포구 여의서로 43 한서리버파크2층
50,102,부산광복동점,부산광역시 중구 창선동 2가 8-2  ,051-243-9105,부산광역시 중구 창선동 2가 8-2
51,106,대전탄방동점,대전시 서구 문정로76 1층  ,042-471-9805,대전광역시 서구 문정로76 1층
52,109,일산웨스턴돔1호점,경기도 고양시 일산동구 정발산로 24 I동103~203호  ,031-931-5573,경기도 고양시 일산동구 정발산로 24 I동103~203호
53,112,분당서현점,"경기도 성남시 분당구 분당로53번길 11 1층2,3호  ",031-705-8926,"경기도 성남시 분당구 분당로53번길 11 1층2,3호"
54,113,분당플라자점,경기도 성남시 분당구 황새울로 326 서현빌딩상가내2층  ,031-705-3188,경기도 성남시 분당구 황새울로 326 서현빌딩상가내2층
55,114,분당차병원점,"경기도 성남시 분당구 야탑로65번길 16, 분당차병원 신관동 1층 101호(야탑동)  ",031-781-0471,"경기도 성남시 분당구 야탑로65번길 16, 분당차병원 신관동 1층 101호(야탑동)"
56,115,분당수내점,경기도 성남시 분당구 황새울로 214번길8 MSPlaza내1층  ,031-713-9937,경기도 성남시 분당구 황새울로 214번길8 MSPlaza내1층
57,116,동탄라마다호텔점,경기도 화성시 노작로 199 동탄라마다호텔107호~111호  ,031-8003-8374,경기도 화성시 노작로 199 동탄라마다호텔107호~111호
58,124,창원상남동점,경남 창원시 성산구 중앙대로 104 마이우스오피스텔 123호 207호  ,055-211-0737,경상남도 창원시 성산구 중앙대로 104 마이우스오피스텔 123호 207호
59,127,청주지웰시티점,"충북 청주시 흥덕구 대농로 17 지웰시티몰 1층 124-1,125,126호  ",043-238-3151,"충청북도 청주시 흥덕구 대농로 17 지웰시티몰 1층 124-1,125,126호"
60,128,무교CBTL점,서울 중구 세종대로 136 파이낸스빌딩 지하2층  ,070-4140-7003,서울특별시 중구 세종대로 136 파이낸스빌딩 지하2층
61,129,국기원사거리점,서울시 강남구 테헤란로 8길 42 1층  ,02-552-7106 ,서울특별시 강남구 테헤란로 8길 42 1층
62,130,무교점,"서울시 중구 태평로1 84호 SFC빌딩B1,1-4  ",02-753-2374,"서울특별시 중구 태평로1 84호 SFC빌딩B1,1-4"
63,131,남대문점,서울시 중구 후암로110 581호 서울시티타워1층  ,02-777-4217,서울특별시 중구 후암로110 581호 서울시티타워1층
64,134,대학로마로니에점,"서울시 종로구 대학로 12길 62 지하1층,지상1,2층  ",02-742-3318,"서울특별시 종로구 대학로 12길 62 지하1층,지상1,2층"
65,139,인사점,서울시 종로구 낙원동 272 오라카이스위츠 1층  ,02-783-2043,서울특별시 종로구 낙원동 272 오라카이스위츠 1층
66,140,테헤란로비젼타워점,서울시 강남구 테헤란로 312 707-2번지1층  ,02-558-7101,서울특별시 강남구 테헤란로 312 707-2번지1층
67,141,서울대입구역점,"서울시 관악구 관악로 161 층일부 2,3층  ",02-882-3101,"서울특별시 관악구 관악로 161 층일부 2,3층"
68,142,코엑스인터점,서울시 강남구 봉은사로 524 코엑스 인터컨티넨탈아케이드  ,02-569-3103,서울특별시 강남구 봉은사로 524 코엑스 인터컨티넨탈아케이드
69,145,뉴압구정점,서울시 강남구 논현로 167길 9 낙산프라자 1층  ,02-545-3181,서울특별시 강남구 논현로 167길 9 낙산프라자 1층
70,146,디큐브시티점,서울시 구로구 경인로 662 디큐브시티 4층  ,02-2210-9484,서울특별시 구로구 경인로 662 디큐브시티 4층
71,150,현대자동차여의도점,서울시 영등포구 국제금융로 20 1층  ,02-783-3391,서울특별시 영등포구 국제금융로 20 1층
72,152,선릉로93길점,서울시 강남구 선릉로93길 6(역삼동) 1층  ,02-552-3177,서울특별시 강남구 선릉로93길 6(역삼동) 1층
73,154,강남역먹자골목점,서울시 강남구 테헤란로1길 29 1층일부 및 2.3층  ,02-552-6311,서울특별시 강남구 테헤란로1길 29 1층일부 및 2.3층
74,157,선릉로86길점,서울시 강남구 선릉로86길 11  ,02-2051-8875,서울특별시 강남구 선릉로86길 11
75,158,안국역점,"서울시 종로구 율곡로 47 1,2층  ",02-722-3356 ,"서울특별시 종로구 율곡로 47 1,2층"
76,160,뉴교보타워옆점,"서울시 서초구 강남대로 449-3 알고코리아빌딩 1,2층  ",02-591-5177,"서울특별시 서초구 강남대로 449-3 알고코리아빌딩 1,2층"
77,164,IFC MALL2호점,서울시 영등포구 국제금융로10 IFC Mall L2  ,02-6137-5054  ,서울특별시 영등포구 국제금융로10 IFC Mall L2
78,165,상암SBS미디어센터점,서울시 마포구 상암산로 82 SBS프리즘타워 1층  ,02-2039-9027 ,서울특별시 마포구 상암산로 82 SBS프리즘타워 1층
79,166,마리오아울렛점,서울시 금천구 디지털로9길 23 마리오-2관 패션타워3층  ,02-857-5501  ,서울특별시 금천구 디지털로9길 23 마리오-2관 패션타워3층
80,170,현대자동차남양연구소점,경기도 화성시 장덕동 현대연구소로150 현대자동차남양연구소 설계1동1F  ,031-357-8103 ,경기도 화성시 장덕동 현대연구소로150 현대자동차남양연구소 설계1동1F
81,174,서초뱅뱅사거리점,"서울시 서초구 강남대로 267 2,3층  ",02-523-8841 ,"서울특별시 서초구 강남대로 267 2,3층"
82,175,현대자동차성내점,"서울시 강동구 천호대로 1096 1,2F  ",02-485-3361 ,"서울특별시 강동구 천호대로 1096 1,2F"
83,177,수원인계점,경기도 수원시 팔달구 권광로 195 학산빌딩1층   ,031-233-5631,경기도 수원시 팔달구 권광로 195 학산빌딩1층
84,179,일산원마운트점,경기도 고양시 일산서구 한류월드로 300 원마운트스포츠몰 1층  ,031-961-6520,경기도 고양시 일산서구 한류월드로 300 원마운트스포츠몰 1층
85,182,남양연구소C1식당점,경기 화성시 장덕동 현대연구소로150 현대자동차남양연구소 C1구역식당1F  ,031-357-8172,경기도 화성시 장덕동 현대연구소로150 현대자동차남양연구소 C1구역식당1F
86,188,여의도교보증권카페점,서울시 영등포구 의사당대로 97 교보증권빌딩 2층  ,02-785-8845,서울특별시 영등포구 의사당대로 97 교보증권빌딩 2층
87,192,압구정현대아파트점,서울시 강남구 압구정로29길65 지하1층  ,02-518-3350,서울특별시 강남구 압구정로29길65 지하1층
88,194,역삼역4번출구점,서울시 강남구 테헤란로143 고운빌딩1층  ,02-508-1137,서울특별시 강남구 테헤란로143 고운빌딩1층
89,196,부평문화의거리점,"인천광역시 부평구 시장로29 1,2층  ",032-507-9901,"인천광역시 부평구 시장로29 1,2층"
90,198,강남대로센터점,서울시 강남구 강남대로442 흥국화재빌딩 2층   ,02-565-3345,서울특별시 강남구 강남대로442 흥국화재빌딩 2층
91,199,구로G-ValleyMall,서울시 구로구 디지털로300 지밸리비즈플라자 2층  ,02-6344-3966,서울특별시 구로구 디지털로300 지밸리비즈플라자 2층
92,200,내방역7번출구유중아트점,서울시 서초구 방배로178 유중아트센터1층  ,02-592-8861,서울특별시 서초구 방배로178 유중아트센터1층
93,203,도심공항점,서울시 강남구 테헤란로87길22 도심공항터미널 지하1층  ,02-551-6456 ,서울특별시 강남구 테헤란로87길22 도심공항터미널 지하1층
94,204,타임스퀘어점,서울시 영등포구 영중로15 타임스퀘어 1층  ,02-2635-8830,서울특별시 영등포구 영중로15 타임스퀘어 1층
95,207,차병원사거리점,서울시 강남구 봉은사로207 KJ타워1층  ,02-542-8813,서울특별시 강남구 봉은사로207 KJ타워1층
96,209,파르나스몰점,서울시 강남구 테헤란로521 파르나스몰 지하1층  ,02-538-2008 ,서울특별시 강남구 테헤란로521 파르나스몰 지하1층
97,210,광화문역1번출구점,서울시 종로구 새문안로5가길 7 1층 일부  ,02-723-3360,서울특별시 종로구 새문안로5가길 7 1층 일부
98,211,남양연구소PT동점,경기도 화성시 장덕동 현대연구소로150 현대자동차남양연구소 PT동 1층  ,031-355-1346,경기도 화성시 장덕동 현대연구소로150 현대자동차남양연구소 PT동 1층
99,212,현대프리미엄아울렛김포점,경기도 김포시 고촌읍 아라육로 152번길 100 현대프리미엄아울렛 WEST 3층 618호  ,031-8048-2618,경기도 김포시 고촌읍 아라육로 152번길 100 현대프리미엄아울렛 WEST 3층 618호
100,213,여의도신영증권별관점,서울시 영등포구 국제금융로8길6 신영증권별관빌딩2층  ,02-782-1125,서울특별시 영등포구 국제금융로8길6 신영증권별관빌딩2층
101,214,이태원제일기획옆점,서울시 용산구 이태원로220(한남동) 1층  ,02-792-3560,서울특별시 용산구 이태원로220(한남동) 1층
102,215,강남역세계빌딩점,서울시 서초구 서초대로73길12 세계빌딩1층   ,02-592-0053,서울특별시 서초구 서초대로73길12 세계빌딩1층
103,216,광교아브뉴프랑점,"경기도 수원시 영통구 이의동 1332 광교아브뉴프랑 1층 A122,123호   ",031-216-9308,"경기도 수원시 영통구 이의동 1332 광교아브뉴프랑 1층 A122,123호"
104,217,광장동대한제지점,서울시 광진구 아차산로563(광장동) 대한제지빌딩 로비층  ,02-458-8166,서울특별시 광진구 아차산로563(광장동) 대한제지빌딩 로비층
105,219,신천역점,서울시 송파구 올림픽로100 효창타워1층  ,02-417-8851,서울특별시 송파구 올림픽로100 효창타워1층
106,223,인천공항탑승동130gate앞점,인천광역시 중구 공항로272 인천국제공항탑승동3층 FB-C5-57  ,032-743-7213 ,인천광역시 중구 공항로272 인천국제공항탑승동3층 FB-C5-57
107,224,인천공항탑승동105gate앞점,인천광역시 중구 공항로272 인천국제공항탑승동3층 FB-C5-68  ,032-743-7223,인천광역시 중구 공항로272 인천국제공항탑승동3층 FB-C5-68
108,227,석촌호수점,서울시 송파구 석촌호수로 222 제이타워 1층  ,02-415-1235,서울특별시 송파구 석촌호수로 222 제이타워 1층
109,228,오목교역사거리점,"서울시 양천구 오목로 350 목동썬텍씨티빌딩 1층,2층  ",02-2653-8577 ,"서울특별시 양천구 오목로 350 목동썬텍씨티빌딩 1층,2층"
110,230,이천하이닉스점,경기 이천시 부발읍 하이닉스반도체  ,031-8094-7013,경기도 이천시 부발읍 하이닉스반도체
111,232,송도홈플러스점,인천광역시 연수구 송도국제대로 165(송도동) 홈플러스송도점1층  ,032-822-5905,인천광역시 연수구 송도국제대로 165(송도동) 홈플러스송도점1층
112,233,올림픽공원북2문앞점,서울시 강동구 강동대로193 1층  ,02-471-2372,서울특별시 강동구 강동대로193 1층
113,236,삼성역글라스타워뒷점,서울시 강남구 영동대로85길 9 (대치동) 서전빌딩1층  ,02-552-3363,서울특별시 강남구 영동대로85길 9 (대치동) 서전빌딩1층
114,239,범계역로데오점,경기도 안양시 동안구 평촌대로 223번길 41(호계동 1045-9) 2층  ,031-476-9082,경기도 안양시 동안구 평촌대로 223번길 41(호계동 1045-9) 2층
115,240,포스코옆삼성로86길점,서울특별시 강남구 삼성로86길 11 거봉빌딩 1층  ,02-569-7501,서울특별시 강남구 삼성로86길 11 거봉빌딩 1층
116,242,상암한국지역정보개발원점,서울시 마포구 성암로301 KLID한국지역정보개발원 1층  ,02-376-9162,서울특별시 마포구 성암로301 KLID한국지역정보개발원 1층
117,247,분당정자점,경기도 성남시 분당구 정자일로 227(정자동) 백궁지엔느주차전용빌딩 1층  ,031-786-1906,경기도 성남시 분당구 정자일로 227(정자동) 백궁지엔느주차전용빌딩 1층
118,248,신논현역점,서울특별시 강남구 봉은사로108 글라스톤빌딩1층  ,02-569-9061,서울특별시 강남구 봉은사로108 글라스톤빌딩1층
119,249,강서그랜드아이파크점,서울시 강서구 화곡6동 1095번지 1층  ,02-2699-7462,서울특별시 강서구 화곡6동 1095번지 1층
120,256,장안점,"서울시 동대문구 장안동 372-1, 1층 일부 및 2층 전체  ",02-2249-9826,"서울특별시 동대문구 장안동 372-1, 1층 일부 및 2층 전체"
121,259,수원망포역점,경기도 수원시 영통구 영통로 214번길 8 1층  ,031-273-8751,경기도 수원시 영통구 영통로 214번길 8 1층
122,261,매헌역점,서울시 서초구 동산로 1  1층  ,02-2058-0921,서울특별시 서초구 동산로 1 1층
123,262,문래동점,서울시 영등포구 문래동6가 5번지 1층  ,02-2069-3157,서울특별시 영등포구 문래동6가 5번지 1층
124,264,역삼동태광타워점,서울시 강남구 역삼동 718-20  태광타워 1층  ,02-569-9867,서울특별시 강남구 역삼동 718-20 태광타워 1층
125,266,파주운정홈플러스점,경기도 파주시 청암로 17번길 17 1층  ,031-949-1408,경기도 파주시 청암로 17번길 17 1층
126,267,잠원논현역점,서울시 서초구 신반포로47길 5 건물전체 1~3층  ,02-541-7404,서울특별시 서초구 신반포로47길 5 건물전체 1~3층
127,270,홍대역8번출구점,서울시 마포구 양화로18안길 7 2층  ,02-338-9463,서울특별시 마포구 양화로18안길 7 2층
128,271,산본역점,경기도 군포시 광정로58 1층 104호 및 2층  ,031-399-8812,경기도 군포시 광정로58 1층 104호 및 2층
129,274,원주AK플라자점,강원도 원주시 봉화로1 AK플라자원주점 1층  ,033-748-0631,강원도 원주시 봉화로1 AK플라자원주점 1층
130,276,화정중앙공원점,경기도 고양시 덕양구 화신로260번길 26 동민프라자 1층 103~107호  ,031-979-9402,경기도 고양시 덕양구 화신로260번길 26 동민프라자 1층 103~107호
131,277,강남역12번출구점,서울특별시 강남구 테헤란로 111 2층  ,02-569-5838,서울특별시 강남구 테헤란로 111 2층
132,278,서초부띠크모나코점,서울특별시 서초구 서초대로 397 부띠크모나코 1층  ,02-3478-5145,서울특별시 서초구 서초대로 397 부띠크모나코 1층
133,279,송파파크하비오점,서울특별시 송파구 송파대로 111 송파파크하비오 205동 1층 110-113  ,02-449-6881,서울특별시 송파구 송파대로 111 송파파크하비오 205동 1층 110-113
134,280,문정역엠스테이트점,"서울특별시 송파구 법원로 114, 엠스테이트 B동 지하 1층, B145-147   ",02-6177-9080,"서울특별시 송파구 법원로 114, 엠스테이트 B동 지하 1층, B145-147"
135,281,상봉역점,서울특별시 중랑구 망우로 291 1층  ,02-493-8902,서울특별시 중랑구 망우로 291 1층
136,282,강동경희대병원앞점,서울특별시 강동구 동남로 885 양지빌딩 1층  ,02-481-9938,서울특별시 강동구 동남로 885 양지빌딩 1층
137,285,종각역점,서울시 종로구 종로 70 2층  ,02-739-6268,서울특별시 종로구 종로 70 2층
138,286,평택소사점,"경기도 평택시 평남로 862, 로이드빌딩 1층  ",031-692-2405,"경기도 평택시 평남로 862, 로이드빌딩 1층"
139,287,몽촌토성역점,"서울시 송파구 방이동 44-2, 장은빌딩 1층  ",02-2141-0407,"서울특별시 송파구 방이동 44-2, 장은빌딩 1층"
140,288,도곡동지오빌딩점,"서울특별시 강남구 도곡동 543-1, 지오빌딩 B1층  ",02-2058-3027,"서울특별시 강남구 도곡동 543-1, 지오빌딩 B1층"
141,289,강북구청앞점,"서울특별시 강북구 한천로 139길 25, 1층 일부 및 2층 (수유동 191-70)  ",02-994-8878,"서울특별시 강북구 한천로 139길 25, 1층 일부 및 2층 (수유동 191-70)"
142,290,송도트리플스트리트점," 인천 연수구 송도과학로 16번길 33-4 D동 119호,207호  ",032-310-9644,"인천광역시 연수구 송도과학로 16번길 33-4 D동 119호,207호"
143,291,구의삼성쉐르빌점,서울특별시 광진구 구의강변로 106 삼성쉐르빌 1층  ,02-2201-8953,서울특별시 광진구 구의강변로 106 삼성쉐르빌 1층
144,292,여의도SK증권빌딩점,서울특별시 영등포구 국제금융로8길31 여의도SK증권빌딩점 1층  ,02-6484-5150,서울특별시 영등포구 국제금융로8길31 여의도SK증권빌딩점 1층
145,293,현대시티몰가든파이브점,서울특별시 송파구 충민로 66 가든파이브 라이프동 테크노관 1층  ,02-2673-2110,서울특별시 송파구 충민로 66 가든파이브 라이프동 테크노관 1층
146,296,위례2차아이파크점,서울시 송파구 위례광장로 230 위례2차 아이파크 B동 1층  ,02-449-9703,서울특별시 송파구 위례광장로 230 위례2차 아이파크 B동 1층
147,298,한성대입구역점,서울특별시 성북구 삼선교로 12 1층  ,02-766-7951,서울특별시 성북구 삼선교로 12 1층
148,299,한티역디마크빌딩점,서울특별시 강남구 도곡로 408 디마크빌딩 1층  ,02-2052-6590,서울특별시 강남구 도곡로 408 디마크빌딩 1층
149,300,논현201-5번지점,"서울특별시 강남구  강남대로112길 20 1층, 2층  ",02-541-9563,"서울특별시 강남구 강남대로112길 20 1층, 2층"
150,303,수원송죽DT점,경기도 수원시 장안구 경수대로 989  ,031-248-6086,경기도 수원시 장안구 경수대로 989
151,304,동교동삼거리점,서울특별시 마포구 양화로 196(동교동)  ,02-336-9198 ,서울특별시 마포구 양화로 196(동교동)
152,305,성남신흥점,경기도 성남시 수정구 수정로 190 (신흥동)  ,031-759-6675,경기도 성남시 수정구 수정로 190 (신흥동)
153,306,응암동점,"서울시 은평구 은평로 121(응암동), 메디컬빌딩  ",02-389-6283,"서울특별시 은평구 은평로 121(응암동), 메디컬빌딩"
154,309,성균관대자연과학캠퍼스점,"경기 수원시 장안구 서부로 2066, 성균관대 자연과학 캠퍼스 N센터 1층  ",031-278-7640,"경기도 수원시 장안구 서부로 2066, 성균관대 자연과학 캠퍼스 N센터 1층"
155,312,IFC MALL 3호점,서울시 영등포구 국제금융로10 IFC Mall L2(2층)  ,02-6137-5056,서울특별시 영등포구 국제금융로10 IFC Mall L2(2층)
156,313,동탄능동DT점,"경기도 화성시 능동 453-4,453-8,454-1 소재 건물(1~3층)  ",031-267-4182,"경기도 화성시 능동 453-4,453-8,454-1 소재 건물(1~3층)"
157,314,수원인계DT점,경기도 수원시 팔달구 인계로79 (인계동)  ,031-898-8818,경기도 수원시 팔달구 인계로79 (인계동)
158,317,분당차병원본관앞점,경기도 성남시 분당구 야탑로64 DS타워 1층  ,031-8017-8243,경기도 성남시 분당구 야탑로64 DS타워 1층
159,318,신용산역래미안점,서울시 용산구 한강대로95  ,02-2074-1049,서울특별시 용산구 한강대로95
160,319,선릉역3번출구세방빌딩점,서울특별시 강남구 선릉로 433 세방빌딩 1층  ,02-2051-9328,서울특별시 강남구 선릉로 433 세방빌딩 1층
161,320,광명아브뉴프랑점,경기도 광명시 양지로16 아브뉴프랑 지하 2층 (주)커피빈코리아 광명아브뉴프랑점  ,02-899-7460,경기도 광명시 양지로16 아브뉴프랑 지하 2층 (주)커피빈코리아 광명아브뉴프랑점
162,321,새문안로점,"서울특별시 종로구 새문안로 91 고려빌딩 1,2층   ",02-739-5806,"서울특별시 종로구 새문안로 91 고려빌딩 1,2층"
163,322,문정동환인제약빌딩점,서울특별시 송파구 법원로6길 11 환인빌딩 1층   ,02-449-9569,서울특별시 송파구 법원로6길 11 환인빌딩 1층
164,323,경희대점,서울시 동대문구 경희대로 10 (회기동)  ,02-3295-4552,서울특별시 동대문구 경희대로 10 (회기동)
165,324,파주DT점,경기도 파주시 문발로 131  ,031-8070-0028,경기도 파주시 문발로 131
166,325,창원시티세븐점,"경상남도 창원시 성산구 원이대로 320, 더시티세븐S-105호(대원동)  ",055-600-5361,"경상남도 창원시 성산구 원이대로 320, 더시티세븐S-105호(대원동)"
167,326,종로구청앞점,서울특별시 종로구 종로3길 34  ,02-739-6151,서울특별시 종로구 종로3길 34
168,327,상수역점,"서울시 마포구 와우산로10길 3, 엘케이빌딩 1~3층  ",02-325-6804,"서울특별시 마포구 와우산로10길 3, 엘케이빌딩 1~3층"
169,328,안양시청앞점,"경기도 안양시 동안구 시민대로 260, 1층 104,105호  ",031-5177-4770,"경기도 안양시 동안구 시민대로 260, 1층 104,105호"
170,329,하남신세계백화점B1점,"경기도 하남시 미사대로 750, 신세계백화점 지하1층 식품관  ",031-8072-1641,"경기도 하남시 미사대로 750, 신세계백화점 지하1층 식품관"
171,330,종로센트로폴리스점,"서울시 종로구 우정국로 26 센트로폴리스 1층 Retail 1-5,6  ",02-6370-5845,"서울특별시 종로구 우정국로 26 센트로폴리스 1층 Retail 1-5,6"
172,331,잠실향군타워점, 서울특별시 송파구 올림픽로35길 123 1층  ,02-412-8812,서울특별시 송파구 올림픽로35길 123 1층
173,332,부산서면점,부산 부산진구 서면로 62-1 에이스메디컬타워 1F  ,051-802-4282,부산 부산진구 서면로 62-1 에이스메디컬타워 1F
174,333,영종도운서역점,"인천시 중구 신도시남로 142번길 6 (메가스타 영종 139,140,141호)  ",032-746-9822,"인천시 중구 신도시남로 142번길 6 (메가스타 영종 139,140,141호)"
175,334,동대입구역점,"서울시 중구 장충동2가 188-11, 188-4, 188-5  ",02-2264-8247,"서울특별시 중구 장충동2가 188-11, 188-4, 188-5"
176,335,해운대센텀호텔점,부산 해운대구 센텀3로 20 해운대센텀호텔 1F 101호  ,051-743-5088,부산 해운대구 센텀3로 20 해운대센텀호텔 1F 101호
177,336,교대법원점,"서울 서초구 서초중앙로 156, 1층  ",02- 3664-7716  ,"서울특별시 서초구 서초중앙로 156, 1층"
178,337,부천북부역사거리점,경기도 부천시 부천로25  ,032-655-8954,경기도 부천시 부천로25
179,338,부산남포역점,부산 중구 해관로 1 희남빌딩 1층  ,051-246-6284,부산 중구 해관로 1 희남빌딩 1층
180,340,김포장기DT점,경기도 김포시 태장로 819  ,031-987-0409,경기도 김포시 태장로 819
181,341,서초동점,서울특별시 서초구 반포대로70  ,02-3665-9507,서울특별시 서초구 반포대로70
182,342,남양주화도DT점,경기도 남양주시 경춘로 1641  ,031-591-2406,경기도 남양주시 경춘로 1641
183,343,선정릉역점,서울시 강남구 봉은사로 331 SH빌딩점 B1-1층  ,02-2058-3028,서울특별시 강남구 봉은사로 331 SH빌딩점 B1-1층
184,344,화곡역점,서울시 강서구 강서로 162  ,02-766-7952,서울특별시 강서구 강서로 162
185,345,부천스타필드시티점,경기도 부천시 옥길동 768 부천스타필드시티점 4층  ,02-6386-1423,경기도 부천시 옥길동 768 부천스타필드시티점 4층
186,347,광주문화전당역점,광주광역시 동구 서남동 서석로 44 1층 ~ 2층  ,062-236-6591,광주광역시 동구 서남동 서석로 44 1층 ~ 2층
187,348,대구228공원앞점, 대구광역시 중구 동성로3길 106  , 053-421-7436,대구광역시 중구 동성로3길 106
188,351,삼성루첸타워점,서울 강남구 대치동 943-2 루첸타워 1층 로비  ,02-994-8879,서울특별시 강남구 대치동 943-2 루첸타워 1층 로비
189,352,수원AK플라자점,경기도 수원시 팔달구 덕영대로 924 AK플라자 4층  ,031-240-2246 ｜ 031-278-7641,경기도 수원시 팔달구 덕영대로 924 AK플라자 4층
190,353,하나은행을지로본점,서울시 중구 을지로 35 하나은행 을지로본점 24F 내 스마트워크센터  ,02-338-9179,서울특별시 중구 을지로 35 하나은행 을지로본점 24F 내 스마트워크센터
191,355,선릉KSA한국표준협회점,서울시 강남구 테헤란로69길 5 DT센터점 1층  ,02-3141-7948,서울특별시 강남구 테헤란로69길 5 DT센터점 1층
192,356,논현역8번출구점,서울시 서초구 강남대로 563 페이토플라자 1층 ( 잠원동 37-1 )  ,02-755-3301,서울특별시 서초구 강남대로 563 페이토플라자 1층 ( 잠원동 37-1 )
193,357,이태원몬드리안호텔점,서울시 용산구 장문로 23 몬드리안 서울 이태원호텔 101호  ,02-3775-0548,서울특별시 용산구 장문로 23 몬드리안 서울 이태원호텔 101호
194,358,광주봉선점,광주광역시 남구 봉선로 168  ,062-671-3371,광주광역시 남구 봉선로 168
195,359,KB국민은행노원역점,"서울시 노원구 동일로 1405, 1층 일부  ",02-930-9486,"서울특별시 노원구 동일로 1405, 1층 일부"
196,360,수서역원방빌딩점,서울 강남구 광평로 51길 6-23 원방테크사옥 1층  ,02-3473-3830,서울특별시 강남구 광평로 51길 6-23 원방테크사옥 1층
197,361,송파헬리오시티점,서울시 송파구 송파대로 345 ( 헬리오시티상가 3블럭 A동 B1층 22호 )  ,02-777-3363,서울특별시 송파구 송파대로 345 ( 헬리오시티상가 3블럭 A동 B1층 22호 )
198,362,청계천을지로점,서울 중구 남대문로10길 33 1F  ,02-723-1771,서울특별시 중구 남대문로10길 33 1F
199,363,서초중앙로점,"서울시 서초구 서초중앙로 209, 해성빌딩 1층  ",02-537-2992,"서울특별시 서초구 서초중앙로 209, 해성빌딩 1층"
200,364,일산동구청점,경기도 고양시 일산동구 정발산로 38  ,031-903-3989,경기도 고양시 일산동구 정발산로 38
201,365,부산화명수정역점,"부산광역시 북구 학사로 8  (화명동 2312), 크리스탈타워 2층 201~202호  ",051-361-3370,"부산광역시 북구 학사로 8 (화명동 2312), 크리스탈타워 2층 201~202호"
202,366,용인역북점,경기도 용인시 처인구 역북동 598-7   ,031-323-6886,경기도 용인시 처인구 역북동 598-7
203,367,부산중앙역점,부산광역시 중구 중앙대로 102 팬오션빌딩 1F  ,051-466-8856,부산광역시 중구 중앙대로 102 팬오션빌딩 1F
204,368,천안신부동점,충남 천안시 동남구 만남로 48  ,041-566-0718,충청남도 천안시 동남구 만남로 48
205,369,제주아라점,제주도 제주시 연북로 511  ,064-758-1194,제주특별자치도 제주시 연북로 511
206,370,혜화역점,서울시 종로구 대명길 5  ,02-745-9471,서울특별시 종로구 대명길 5
207,371,용인에버랜드점,경기도 용인시 처인구 포곡읍 가실리 156-1 (파크내 홀랜드빌리지 옆 암스테르담)  ,031-334-0556,경기도 용인시 처인구 포곡읍 가실리 156-1 (파크내 홀랜드빌리지 옆 암스테르담)
208,372,명동거리점,서울시 중구 명동 10길 52 명동역 신한은행 사옥 1층  ,02-522-7158,서울특별시 중구 명동 10길 52 명동역 신한은행 사옥 1층
209,373,안양LS타워점,경기도 안양시 동안구 엘에스로 127 1층  ,031-429-9650,경기도 안양시 동안구 엘에스로 127 1층
210,374,상암SBS프리즘타워점,서울 마포구 상암산로 82 SBS 프리즘 타워 1층 로비  ,02-562-9605,서울특별시 마포구 상암산로 82 SBS 프리즘 타워 1층 로비
211,375,용산아이파크몰점,"서울시 용산구 한강대로 23길 55, 아이파크몰 테이스트파크 7층  ",02-2012-0731,"서울특별시 용산구 한강대로 23길 55, 아이파크몰 테이스트파크 7층"
212,377,진주LH본사점,경남 진주시 충의로 19 LH진주사옥 공감동 1층  ,055-763-3520,경상남도 진주시 충의로 19 LH진주사옥 공감동 1층
213,380,하나금융명동사옥점,서울시 중구 을지로 66 하나은행 명동사옥 1층  ,02-539-5174,서울특별시 중구 을지로 66 하나은행 명동사옥 1층
214,381,제주애월DT점,제주도 제주시 애월읍 애월해안로 560  ,064-799-3670,제주특별자치도 제주시 애월읍 애월해안로 560
215,382,성균관대법학관점,서울시 종로구 성균관로 25-2 성균관대학교 법학관 B2  ,02-740-1958,서울특별시 종로구 성균관로 25-2 성균관대학교 법학관 B2
216,383,동탄타임테라스점,경기도 화성시 동탄중앙로220 타임테라스A 블록 1층 110호-1호  ,031-613-7684,경기도 화성시 동탄중앙로220 타임테라스A 블록 1층 110호-1호
217,385,서울시청점,서울특별시 중구 무교로 12(무교동) 정오빌딩 1층  ,02-420-0386,서울특별시 중구 무교로 12(무교동) 정오빌딩 1층
218,386,종로YBM별관점,서울시 종로구 종로 98 1층  ,02-402-3571,서울특별시 종로구 종로 98 1층
219,387,압구정로데오2호점,서울특별시 강남구 선릉로 157길 22 2층  ,02-3444-9973,서울특별시 강남구 선릉로 157길 22 2층
220,388,고대안암병원신관점,서울특별시 성북구 고려대로 73  ,02-544-6823,서울특별시 성북구 고려대로 73
221,389,삼성본관빌딩점,서울특별시 중구 세종대로 67 삼성 본관빌딩 1층 후문 로비 일부  ,02-720-5561,서울특별시 중구 세종대로 67 삼성 본관빌딩 1층 후문 로비 일부
222,390,역삼KSA한국표준협회교육센터점,서울시 강남구 역삼동 738번지 1층  ,02-488-5912,서울특별시 강남구 역삼동 738번지 1층
